year,month,day,hour,minute,identifier,zone_ideal_loads_supply_air_total_cooling_energy,zone_ideal_loads_supply_air_total_heating_energy
2017,1,1,0,0,office_0,0.0,9.905077693328558
2017,2,1,0,0,office_0,0.0,6.97004852819756
2017,3,1,0,0,office_0,0.03037836908248205,5.101012751436475
2017,4,1,0,0,office_0,0.2618424231262243,2.2533160398554553
2017,5,1,0,0,office_0,0.5709776539068119,0.6277049486504889
2017,6,1,0,0,office_0,2.1085520471959165,0.17578068943444397
2017,7,1,0,0,office_0,4.6917910838673675,0.002909620745046007
2017,8,1,0,0,office_0,3.4960592952951277,0.005529323944626204
2017,9,1,0,0,office_0,1.1917004651528675,0.16423153827327588
2017,10,1,0,0,office_0,0.07819165484000377,1.3143228520068082
2017,11,1,0,0,office_0,0.0,3.855552771118568
2017,12,1,0,0,office_0,0.0,6.333132875660246
2017,1,1,0,0,office_1,0.0,18.2587125062764
2017,2,1,0,0,office_1,0.0,12.790314647961594
2017,3,1,0,0,office_1,0.049730849775025586,8.87070348354063
2017,4,1,0,0,office_1,0.5494158581618348,3.6457777623878114
2017,5,1,0,0,office_1,1.13764440247711,0.8099278202957483
2017,6,1,0,0,office_1,4.07418313175284,0.27169979198943933
2017,7,1,0,0,office_1,9.3835073263562,0.003612174135426374
2017,8,1,0,0,office_1,6.257067414821678,0.0024628909206701032
2017,9,1,0,0,office_1,1.8801890449374403,0.1681240604241517
2017,10,1,0,0,office_1,0.1076209329785027,2.3439143873477155
2017,11,1,0,0,office_1,0.0,7.403202955380479
2017,12,1,0,0,office_1,0.0,12.28373103685695
2017,1,1,0,0,office_2,0.00020195251898820577,20.49658538017975
2017,2,1,0,0,office_2,0.0006296115151837232,14.322556742784148
2017,3,1,0,0,office_2,0.31647000904300626,11.217217771260977
2017,4,1,0,0,office_2,0.7225855633774642,5.207850756207376
2017,5,1,0,0,office_2,2.515740986172034,1.5580088606776972
2017,6,1,0,0,office_2,6.389762883497327,0.46413447955656734
2017,7,1,0,0,office_2,12.710714437437787,0.003298788448171845
2017,8,1,0,0,office_2,10.467373017887391,0.017436561511193733
2017,9,1,0,0,office_2,4.439647300011897,0.46571533313287505
2017,10,1,0,0,office_2,0.457180629411265,3.1612981726167453
2017,11,1,0,0,office_2,0.00964695201506987,8.741058455395695
2017,12,1,0,0,office_2,0.00031803560230119366,13.941821948966862
2017,1,1,0,0,office_3,0.0,18.494740377476596
2017,2,1,0,0,office_3,0.0,12.977901003054086
2017,3,1,0,0,office_3,0.04411621852838719,8.953832102342423
2017,4,1,0,0,office_3,0.5628295581446973,3.644478985786877
2017,5,1,0,0,office_3,1.1502341983231588,0.7677689106617839
2017,6,1,0,0,office_3,4.054466038459211,0.2502505521298313
2017,7,1,0,0,office_3,9.372567817770644,0.0023845654132612537
2017,8,1,0,0,office_3,6.2553359281268275,0.0010837839592520333
2017,9,1,0,0,office_3,1.8496776337581655,0.13321411502411934
2017,10,1,0,0,office_3,0.0965221945074391,2.2899175543001205
2017,11,1,0,0,office_3,0.0,7.54458975861001
2017,12,1,0,0,office_3,0.0,12.56311674714861
2017,1,1,0,0,office_4,0.0,16.252418052051492
2017,2,1,0,0,office_4,0.0,11.462476869049002
2017,3,1,0,0,office_4,0.08873913715586386,8.613357353445032
2017,4,1,0,0,office_4,0.4236894232341698,3.749862785060974
2017,5,1,0,0,office_4,1.1629656465105707,0.9207703703391269
2017,6,1,0,0,office_4,3.7048417573753722,0.2657470223534885
2017,7,1,0,0,office_4,7.903303280615398,0.0021594802822584138
2017,8,1,0,0,office_4,5.89987930686464,0.006608007561021796
2017,9,1,0,0,office_4,2.0803279234550995,0.27609308679551625
2017,10,1,0,0,office_4,0.17760551605109773,2.2554595147660987
2017,11,1,0,0,office_4,5.811163691138854e-06,6.575243570631335
2017,12,1,0,0,office_4,2.1381874161579325e-06,10.827192799566763
2017,1,1,0,0,office_5,0.0,7.969317973357676
2017,2,1,0,0,office_5,0.0,5.429436550602543
2017,3,1,0,0,office_5,0.0360521569327084,3.8974356773994905
2017,4,1,0,0,office_5,0.23822677633744227,1.6919262490194116
2017,5,1,0,0,office_5,0.5632630825957738,0.4908920142442433
2017,6,1,0,0,office_5,1.9688673881719643,0.11677298495394317
2017,7,1,0,0,office_5,4.198987830043127,0.0006364333091356862
2017,8,1,0,0,office_5,3.30566765406987,0.0033301509792840744
2017,9,1,0,0,office_5,1.2489380025302286,0.12806677161804
2017,10,1,0,0,office_5,0.09945545840094493,0.9302950717060868
2017,11,1,0,0,office_5,4.773953810915233e-07,2.8656833618738347
2017,12,1,0,0,office_5,0.0,4.772149173812643
2017,1,1,0,0,office_6,0.0,7.896322752622373
2017,2,1,0,0,office_6,0.0,5.348233519710272
2017,3,1,0,0,office_6,0.03698389873041649,3.8028926464731763
2017,4,1,0,0,office_6,0.24527660978710245,1.6456987702438155
2017,5,1,0,0,office_6,0.5855577661887198,0.4752694495568372
2017,6,1,0,0,office_6,2.014202596178104,0.11142914698658983
2017,7,1,0,0,office_6,4.2802961116935165,0.0005387745354218733
2017,8,1,0,0,office_6,3.377116639651912,0.0026954879434082997
2017,9,1,0,0,office_6,1.2861873337820664,0.12316638332958715
2017,10,1,0,0,office_6,0.10358533853877616,0.9081339136033943
2017,11,1,0,0,office_6,6.388106354084438e-07,2.8323893821905424
2017,12,1,0,0,office_6,0.0,4.71197380481001
2017,1,1,0,0,office_7,0.0,8.566958493095045
2017,2,1,0,0,office_7,0.0,5.92102150608963
2017,3,1,0,0,office_7,0.03799873576975408,4.359776454639517
2017,4,1,0,0,office_7,0.23877921223582654,1.920077147431884
2017,5,1,0,0,office_7,0.5717262703530106,0.5670876272901662
2017,6,1,0,0,office_7,1.9959399072399409,0.14719340844235534
2017,7,1,0,0,office_7,4.301261767142596,0.000989656330146166
2017,8,1,0,0,office_7,3.362731825891366,0.005218768413054974
2017,9,1,0,0,office_7,1.2558326260686528,0.15250890810295503
2017,10,1,0,0,office_7,0.10049238970941915,1.053656246850936
2017,11,1,0,0,office_7,1.4511009055577947e-06,3.172131573370847
2017,12,1,0,0,office_7,0.0,5.270583983438869
2017,1,1,0,0,office_8,0.0,7.777353281377488
2017,2,1,0,0,office_8,0.0,5.247260561564199
2017,3,1,0,0,office_8,0.0414771010649959,3.69786745308055
2017,4,1,0,0,office_8,0.2618079718380138,1.5789951867085443
2017,5,1,0,0,office_8,0.6190890716488842,0.44520142006007146
2017,6,1,0,0,office_8,2.087020871525208,0.10565442414179017
2017,7,1,0,0,office_8,4.442710973796366,0.000420907439875063
2017,8,1,0,0,office_8,3.5303379346754014,0.0019194095066413172
2017,9,1,0,0,office_8,1.369025797058756,0.10642558000350985
2017,10,1,0,0,office_8,0.11804313970668241,0.8570381036261072
2017,11,1,0,0,office_8,1.575840329910809e-06,2.7670589705980215
2017,12,1,0,0,office_8,0.0,4.639436287633854
2017,1,1,0,0,office_9,0.0,22.34139026724352
2017,2,1,0,0,office_9,0.0,15.661795145515812
2017,3,1,0,0,office_9,0.1169500653663649,11.449117347493539
2017,4,1,0,0,office_9,0.5448006476200767,4.9741638466123534
2017,5,1,0,0,office_9,2.1547255088188413,1.4260754134810234
2017,6,1,0,0,office_9,6.145885125482404,0.39971263476433183
2017,7,1,0,0,office_9,11.828720743525714,0.0029413986322047074
2017,8,1,0,0,office_9,8.062503383451899,0.018912162501899147
2017,9,1,0,0,office_9,2.4636345150302645,0.4815997249064345
2017,10,1,0,0,office_9,0.1369236807127306,3.2695275401499178
2017,11,1,0,0,office_9,1.4219052106935567e-06,9.354712443141247
2017,12,1,0,0,office_9,0.0,15.343994766028885
2017,1,1,0,0,office_10,0.0,20.48332432506326
2017,2,1,0,0,office_10,0.00018184827970586396,14.08452031876168
2017,3,1,0,0,office_10,0.21955284098327482,10.554613333159065
2017,4,1,0,0,office_10,0.6057279278010257,4.648948889251112
2017,5,1,0,0,office_10,2.4502251864203703,1.3529486505776098
2017,6,1,0,0,office_10,6.404569297433521,0.36938097822444343
2017,7,1,0,0,office_10,12.290769143072794,0.0026472993493002663
2017,8,1,0,0,office_10,9.272023950461076,0.013870478168433923
2017,9,1,0,0,office_10,3.302790023305135,0.416635645114019
2017,10,1,0,0,office_10,0.2508241327674212,2.8842609700848154
2017,11,1,0,0,office_10,5.563032488732847e-05,8.386741715079317
2017,12,1,0,0,office_10,1.186873046760029e-05,13.957026330756015
2017,1,1,0,0,office_11,0.0,21.13235997571819
2017,2,1,0,0,office_11,0.00010078719624431127,14.531959623046115
2017,3,1,0,0,office_11,0.1950242737931028,10.808024091657861
2017,4,1,0,0,office_11,0.5930562600149262,4.691716350585041
2017,5,1,0,0,office_11,2.453883982908063,1.3550853649881196
2017,6,1,0,0,office_11,6.539276722569167,0.36058912149975914
2017,7,1,0,0,office_11,12.4780170252732,0.0020359641061385475
2017,8,1,0,0,office_11,9.158740544103816,0.011624108408883602
2017,9,1,0,0,office_11,3.0837109980677395,0.4124544525969355
2017,10,1,0,0,office_11,0.21172839168902227,2.959320437868748
2017,11,1,0,0,office_11,3.254087101182965e-05,8.668272350536176
2017,12,1,0,0,office_11,6.046516698369186e-06,14.334672241839737
2017,1,1,0,0,office_12,0.0,21.19213352728755
2017,2,1,0,0,office_12,8.885594069839501e-05,14.593876731030939
2017,3,1,0,0,office_12,0.18319465002135635,10.842164427090758
2017,4,1,0,0,office_12,0.5816599299912658,4.697527591114102
2017,5,1,0,0,office_12,2.4106418272033925,1.3428321244132317
2017,6,1,0,0,office_12,6.463811211020847,0.35851180633667484
2017,7,1,0,0,office_12,12.316439501203334,0.0019985419329366432
2017,8,1,0,0,office_12,8.940109181464448,0.011988782991621061
2017,9,1,0,0,office_12,2.96194610888718,0.4104758082404733
2017,10,1,0,0,office_12,0.1972728092452704,2.975673142895483
2017,11,1,0,0,office_12,2.722582124549712e-05,8.71359413195548
2017,12,1,0,0,office_12,4.76971885622849e-06,14.400613069121945
2017,1,1,0,0,office_13,0.0,21.65666218978458
2017,2,1,0,0,office_13,6.717427658239522e-05,14.926335350547753
2017,3,1,0,0,office_13,0.16930592157333993,11.0622743975226
2017,4,1,0,0,office_13,0.5769726034298303,4.800536085621594
2017,5,1,0,0,office_13,2.3948994976755795,1.3766213924573774
2017,6,1,0,0,office_13,6.482016823127203,0.37325908414182896
2017,7,1,0,0,office_13,12.352556225156256,0.001907086841516866
2017,8,1,0,0,office_13,8.836990847301353,0.012732853441263776
2017,9,1,0,0,office_13,2.8638599624153622,0.4267588373139381
2017,10,1,0,0,office_13,0.17989347919776563,3.0929715603075993
2017,11,1,0,0,office_13,1.5675179405030743e-05,8.967217011619733
2017,12,1,0,0,office_13,4.5335860175961993e-07,14.770684018740578
2017,1,1,0,0,office_14,0.0,21.854203976466856
2017,2,1,0,0,office_14,3.6945881699078954e-05,15.108917730456797
2017,3,1,0,0,office_14,0.15642787926189725,11.163470002857204
2017,4,1,0,0,office_14,0.5670221949915957,4.83468337795706
2017,5,1,0,0,office_14,2.3456376466215194,1.3848162885963142
2017,6,1,0,0,office_14,6.413481557049618,0.37661032760791946
2017,7,1,0,0,office_14,12.225610120110147,0.0019134031254024642
2017,8,1,0,0,office_14,8.643703623176041,0.013234694712766996
2017,9,1,0,0,office_14,2.751789478408141,0.433840078028352
2017,10,1,0,0,office_14,0.1653146063950466,3.141100110095607
2017,11,1,0,0,office_14,8.78391867292695e-06,9.082938206575028
2017,12,1,0,0,office_14,2.551787957458985e-07,14.945096910921187
2017,1,1,0,0,office_15,0.0,22.028564830131522
2017,2,1,0,0,office_15,0.0,15.298073971874825
2017,3,1,0,0,office_15,0.14400182098649808,11.269955047806592
2017,4,1,0,0,office_15,0.5564460857057786,4.873415332267656
2017,5,1,0,0,office_15,2.28936617817517,1.392571689080035
2017,6,1,0,0,office_15,6.321522978866592,0.37898535826764557
2017,7,1,0,0,office_15,12.07338333091792,0.0019659622985566325
2017,8,1,0,0,office_15,8.43535863921942,0.013796430591307309
2017,9,1,0,0,office_15,2.6441606518724976,0.4397884660263558
2017,10,1,0,0,office_15,0.1522453090598473,3.182504076859096
2017,11,1,0,0,office_15,2.9732746233694854e-06,9.195830502625029
2017,12,1,0,0,office_15,0.0,15.09732092450846
2017,1,1,0,0,office_16,0.0,22.184824735639868
2017,2,1,0,0,office_16,0.0,15.469969060108058
2017,3,1,0,0,office_16,0.13231865235005807,11.362514904315335
2017,4,1,0,0,office_16,0.5464831399383213,4.907502412071547
2017,5,1,0,0,office_16,2.2269891277286944,1.3991366936429386
2017,6,1,0,0,office_16,6.222829118583034,0.3807985620684162
2017,7,1,0,0,office_16,11.90977570070236,0.002029362485707196
2017,8,1,0,0,office_16,8.234244237157617,0.014319821830804708
2017,9,1,0,0,office_16,2.546595660914277,0.4461060817526327
2017,10,1,0,0,office_16,0.14137117675901498,3.2192009803565975
2017,11,1,0,0,office_16,2.4923514330069202e-06,9.292413117688522
2017,12,1,0,0,office_16,0.0,15.223316604157024
2017,1,1,0,0,office_17,0.0,22.312643530351917
2017,2,1,0,0,office_17,0.0,15.611500822708619
2017,3,1,0,0,office_17,0.12182141540183763,11.443957133646823
2017,4,1,0,0,office_17,0.5378850292757706,4.938371857365794
2017,5,1,0,0,office_17,2.1708657545922465,1.4065224397184648
2017,6,1,0,0,office_17,6.131806828028692,0.3844154427401166
2017,7,1,0,0,office_17,11.765623256487938,0.002179624131391759
2017,8,1,0,0,office_17,8.057317747820964,0.015387112369963188
2017,9,1,0,0,office_17,2.4626616357098237,0.4557338939175885
2017,10,1,0,0,office_17,0.13368009438873332,3.251412413173536
2017,11,1,0,0,office_17,2.0113414188201945e-06,9.370757398186791
2017,12,1,0,0,office_17,0.0,15.344237729497733
2017,1,1,0,0,office_18,0.0,19.17696868210503
2017,2,1,0,0,office_18,0.0,13.433766340040801
2017,3,1,0,0,office_18,0.04336733461209675,9.238928627945985
2017,4,1,0,0,office_18,0.6047537215195036,3.7701264166863186
2017,5,1,0,0,office_18,1.2450543026327645,0.8004743348263524
2017,6,1,0,0,office_18,4.257820531574653,0.2664620137678383
2017,7,1,0,0,office_18,9.851013270983401,0.002493874249781229
2017,8,1,0,0,office_18,6.563332974740634,0.0010420528139394498
2017,9,1,0,0,office_18,1.9255187850838849,0.13594385947617316
2017,10,1,0,0,office_18,0.09624052292391529,2.405213221723658
2017,11,1,0,0,office_18,0.0,7.93904384119111
2017,12,1,0,0,office_18,0.0,13.151660424248766
2017,1,1,0,0,office_19,0.0,20.904008863006272
2017,2,1,0,0,office_19,0.00014288236711617767,14.379898338254689
2017,3,1,0,0,office_19,0.20695157701442143,10.735584809230113
2017,4,1,0,0,office_19,0.5998010098632696,4.679404781674922
2017,5,1,0,0,office_19,2.470452635327634,1.3589054584231985
2017,6,1,0,0,office_19,6.53766389657064,0.36288476178237267
2017,7,1,0,0,office_19,12.47825528388606,0.0021599678153339788
2017,8,1,0,0,office_19,9.265172749183472,0.011911126160191052
2017,9,1,0,0,office_19,3.1903837685277363,0.4128501727985834
2017,10,1,0,0,office_19,0.2288205152404069,2.9344606226247087
2017,11,1,0,0,office_19,3.804029387209362e-05,8.576060058431114
2017,12,1,0,0,office_19,1.2709612289162392e-05,14.191476605079023
2017,1,1,0,0,office_20,0.0,19.06638802256915
2017,2,1,0,0,office_20,0.0,13.282704792585116
2017,3,1,0,0,office_20,0.04428830662389955,9.068294700048162
2017,4,1,0,0,office_20,0.6391462229113258,3.6834111047010873
2017,5,1,0,0,office_20,1.3211785350750878,0.7831483395701436
2017,6,1,0,0,office_20,4.3855642002705455,0.2614740447687947
2017,7,1,0,0,office_20,10.141971021799142,0.0022257603497058383
2017,8,1,0,0,office_20,6.82059538236644,0.0007558163175051202
2017,9,1,0,0,office_20,2.0223798741088124,0.12478513152787973
2017,10,1,0,0,office_20,0.0997866835357067,2.320799779212117
2017,11,1,0,0,office_20,0.0,7.8855424603588355
2017,12,1,0,0,office_20,0.0,13.090492261134706
2017,1,1,0,0,office_21,0.0,19.167186571981397
2017,2,1,0,0,office_21,0.0,13.38916438938847
2017,3,1,0,0,office_21,0.04388744021525877,9.165674024697939
2017,4,1,0,0,office_21,0.6239984420535285,3.722547882927436
2017,5,1,0,0,office_21,1.2910424002899532,0.7904341598940626
2017,6,1,0,0,office_21,4.3362471256366915,0.26328147449337996
2017,7,1,0,0,office_21,10.02628291393603,0.0023191156193494585
2017,8,1,0,0,office_21,6.7096852140907055,0.0008210915010064832
2017,9,1,0,0,office_21,1.975524673906872,0.12980991935353262
2017,10,1,0,0,office_21,0.09804390286645842,2.367207519506414
2017,11,1,0,0,office_21,0.0,7.936898214954847
2017,12,1,0,0,office_21,0.0,13.16202171724945
2017,1,1,0,0,office_22,0.0,18.948911728189145
2017,2,1,0,0,office_22,0.0,13.168602709831895
2017,3,1,0,0,office_22,0.04476701125674522,8.97297055322498
2017,4,1,0,0,office_22,0.6537493525048037,3.6511282470856385
2017,5,1,0,0,office_22,1.3503650366445068,0.7786080635435538
2017,6,1,0,0,office_22,4.430844174099152,0.2605710288948992
2017,7,1,0,0,office_22,10.251492476119283,0.00218283744665099
2017,8,1,0,0,office_22,6.928312023347579,0.0007214978533165612
2017,9,1,0,0,office_22,2.0730217509591564,0.12070839292701153
2017,10,1,0,0,office_22,0.1016958454047433,2.2775519662906643
2017,11,1,0,0,office_22,0.0,7.827157047359306
2017,12,1,0,0,office_22,0.0,13.003029585571205
2017,1,1,0,0,office_23,0.0,18.841440155590902
2017,2,1,0,0,office_23,0.0,13.065155181444165
2017,3,1,0,0,office_23,0.04517561313980725,8.8940597067986
2017,4,1,0,0,office_23,0.666901461242526,3.6258667768357364
2017,5,1,0,0,office_23,1.375599451695616,0.7762965802623217
2017,6,1,0,0,office_23,4.470421865573432,0.2606092869802882
2017,7,1,0,0,office_23,10.348730937145953,0.0021523320990864837
2017,8,1,0,0,office_23,7.027311047964027,0.000699986867885204
2017,9,1,0,0,office_23,2.1192609678203764,0.11756957923739819
2017,10,1,0,0,office_23,0.10340900312248344,2.2451047455105475
2017,11,1,0,0,office_23,0.0,7.774375755385166
2017,12,1,0,0,office_23,0.0,12.914401539946795
2017,1,1,0,0,office_24,0.0,18.816543915925042
2017,2,1,0,0,office_24,0.0,13.03319987154004
2017,3,1,0,0,office_24,0.045344962041542224,8.865910053216666
2017,4,1,0,0,office_24,0.6686682115814824,3.6247911346989645
2017,5,1,0,0,office_24,1.380919699724971,0.7801121512782386
2017,6,1,0,0,office_24,4.480999922471345,0.26331010724497744
2017,7,1,0,0,office_24,10.37458315471934,0.0021208227835021395
2017,8,1,0,0,office_24,7.059109265952015,0.0006982694376251344
2017,9,1,0,0,office_24,2.131613142061176,0.11709701987632837
2017,10,1,0,0,office_24,0.10505923182131015,2.2380474950609823
2017,11,1,0,0,office_24,0.0,7.7645281495989265
2017,12,1,0,0,office_24,0.0,12.898623688238121
2017,1,1,0,0,office_25,0.0,18.759104833167516
2017,2,1,0,0,office_25,0.0,12.959615124947694
2017,3,1,0,0,office_25,0.04513002313409839,8.846514972115664
2017,4,1,0,0,office_25,0.6946008081763766,3.66852276765019
2017,5,1,0,0,office_25,1.442709725271823,0.799657875692715
2017,6,1,0,0,office_25,4.562337012358549,0.2743737643327973
2017,7,1,0,0,office_25,10.560962285152286,0.002051092449667399
2017,8,1,0,0,office_25,7.255234599894104,0.0007192390896477178
2017,9,1,0,0,office_25,2.232324652108569,0.11855821045861366
2017,10,1,0,0,office_25,0.10707498596752998,2.2573870414315893
2017,11,1,0,0,office_25,0.0,7.789282681937328
2017,12,1,0,0,office_25,0.0,12.864800483548304
2017,1,1,0,0,office_26,0.0,18.640981794759746
2017,2,1,0,0,office_26,0.0,12.851272036888922
2017,3,1,0,0,office_26,0.04584065672645798,8.776846562781811
2017,4,1,0,0,office_26,0.707983816188961,3.6585590797346237
2017,5,1,0,0,office_26,1.4730130673327382,0.8044333209726325
2017,6,1,0,0,office_26,4.604263379981646,0.2775448012931256
2017,7,1,0,0,office_26,10.652079609439653,0.0020366807635465983
2017,8,1,0,0,office_26,7.361361411422498,0.0007170933363698855
2017,9,1,0,0,office_26,2.288339049055665,0.11739662732453297
2017,10,1,0,0,office_26,0.10987738828509283,2.237678987461281
2017,11,1,0,0,office_26,0.0,7.74166819872559
2017,12,1,0,0,office_26,0.0,12.772128388217219
2017,1,1,0,0,office_27,0.0,18.49186230672091
2017,2,1,0,0,office_27,0.0,12.722598448554868
2017,3,1,0,0,office_27,0.046602839474261866,8.700651180955695
2017,4,1,0,0,office_27,0.7210922607413032,3.640792972837292
2017,5,1,0,0,office_27,1.5005533811034146,0.8060251931210851
2017,6,1,0,0,office_27,4.637323122061195,0.2785203345847015
2017,7,1,0,0,office_27,10.722721581383647,0.0020311262235432523
2017,8,1,0,0,office_27,7.4598248947302155,0.0007063405514448193
2017,9,1,0,0,office_27,2.3467029492006053,0.11524452092668122
2017,10,1,0,0,office_27,0.11273313474370127,2.2082623448915655
2017,11,1,0,0,office_27,0.0,7.678924820321881
2017,12,1,0,0,office_27,0.0,12.65849100176605
2017,1,1,0,0,office_28,0.0,18.33176989294775
2017,2,1,0,0,office_28,0.0,12.59298658303934
2017,3,1,0,0,office_28,0.0475112514329978,8.628141192887794
2017,4,1,0,0,office_28,0.7339543505422363,3.6227307732157303
2017,5,1,0,0,office_28,1.5277315507281393,0.8073294813926203
2017,6,1,0,0,office_28,4.669583624051191,0.27894119556418784
2017,7,1,0,0,office_28,10.790442317621494,0.0020284155347088917
2017,8,1,0,0,office_28,7.561904133191979,0.0006959671485218291
2017,9,1,0,0,office_28,2.4093605139127097,0.11320216908337453
2017,10,1,0,0,office_28,0.11616866466141469,2.178150192655017
2017,11,1,0,0,office_28,7.99212471693365e-07,7.613825881144621
2017,12,1,0,0,office_28,0.0,12.536488912214976
2017,1,1,0,0,office_29,0.0,18.183617743643072
2017,2,1,0,0,office_29,0.0,12.473538865566034
2017,3,1,0,0,office_29,0.04864178325042428,8.564627182335546
2017,4,1,0,0,office_29,0.7457370693330428,3.6087536126432096
2017,5,1,0,0,office_29,1.5508342018161594,0.8097321593045975
2017,6,1,0,0,office_29,4.699556776483408,0.27965968355029985
2017,7,1,0,0,office_29,10.852149263100921,0.002057139269992078
2017,8,1,0,0,office_29,7.662649535253103,0.0007029569815527148
2017,9,1,0,0,office_29,2.469970366599552,0.11251619300468832
2017,10,1,0,0,office_29,0.12104896534550888,2.153436510118259
2017,11,1,0,0,office_29,2.1484366885683025e-06,7.553228601897131
2017,12,1,0,0,office_29,0.0,12.424503707755393
2017,1,1,0,0,office_30,0.0,18.146808337594027
2017,2,1,0,0,office_30,0.0,12.43620126966627
2017,3,1,0,0,office_30,0.05061438335812481,8.544998929455874
2017,4,1,0,0,office_30,0.7535603234482444,3.6090811018763573
2017,5,1,0,0,office_30,1.5692234775320482,0.8189304076358572
2017,6,1,0,0,office_30,4.746552354862341,0.283634724900226
2017,7,1,0,0,office_30,10.945589194599108,0.002236457337847679
2017,8,1,0,0,office_30,7.760673953090124,0.0007838774489095913
2017,9,1,0,0,office_30,2.5175322332939074,0.11741709483102887
2017,10,1,0,0,office_30,0.12780411173463058,2.149657004309076
2017,11,1,0,0,office_30,2.899124639830221e-06,7.522382442206613
2017,12,1,0,0,office_30,0.0,12.38649585219101
2017,1,1,0,0,office_31,0.0,18.363285530375027
2017,2,1,0,0,office_31,0.0,12.554951634501183
2017,3,1,0,0,office_31,0.0666617460909756,8.671156380776155
2017,4,1,0,0,office_31,0.7984482850980915,3.6778856789894916
2017,5,1,0,0,office_31,1.7116053262792068,0.8446207774969182
2017,6,1,0,0,office_31,5.118061577958933,0.2979279634790584
2017,7,1,0,0,office_31,11.687068721520712,0.00261924428251164
2017,8,1,0,0,office_31,8.342060094536016,0.0013609116323822195
2017,9,1,0,0,office_31,2.777409497743187,0.13802799129837212
2017,10,1,0,0,office_31,0.15953729041244705,2.2035937528682465
2017,11,1,0,0,office_31,6.359110152166107e-06,7.574876482949499
2017,12,1,0,0,office_31,0.0,12.48420903707119
2017,1,1,0,0,writeup_0,0.0,20.313838540433885
2017,2,1,0,0,writeup_0,8.46853469472222e-05,14.143836183976262
2017,3,1,0,0,writeup_0,0.14956193161983097,10.765632671499496
2017,4,1,0,0,writeup_0,0.5342323962828571,4.877105449476266
2017,5,1,0,0,writeup_0,2.042085256889616,1.486587640560891
2017,6,1,0,0,writeup_0,5.434963513694896,0.5043117016214861
2017,7,1,0,0,writeup_0,10.915516985477534,0.02460344299290331
2017,8,1,0,0,writeup_0,7.942703950169822,0.08559944065358009
2017,9,1,0,0,writeup_0,2.648927028088391,0.5594932671064559
2017,10,1,0,0,writeup_0,0.33485110422061076,2.830722282943247
2017,11,1,0,0,writeup_0,3.463500123744818e-05,8.014354112957756
2017,12,1,0,0,writeup_0,1.4954220205360752e-05,13.329656887456686
2017,1,1,0,0,lab_support_0,0.0,366.01562846831837
2017,2,1,0,0,lab_support_0,0.0,296.37074654808333
2017,3,1,0,0,lab_support_0,0.4661466878573821,263.64502035744636
2017,4,1,0,0,lab_support_0,4.5977080335036185,188.75950635175946
2017,5,1,0,0,lab_support_0,7.401159028314671,100.49670509672191
2017,6,1,0,0,lab_support_0,28.317954495427877,54.66147983402994
2017,7,1,0,0,lab_support_0,66.10083968683736,13.769859476504699
2017,8,1,0,0,lab_support_0,43.42148886336267,21.02210298530837
2017,9,1,0,0,lab_support_0,13.198894329609027,55.28031520090154
2017,10,1,0,0,lab_support_0,2.512225794811213,138.24255703491576
2017,11,1,0,0,lab_support_0,0.0,219.95719778181666
2017,12,1,0,0,lab_support_0,0.0,289.2513683044526
2017,1,1,0,0,lab_support_1,0.0,368.71235768126525
2017,2,1,0,0,lab_support_1,0.0,298.2404758010507
2017,3,1,0,0,lab_support_1,0.5112583580921828,264.8177499350232
2017,4,1,0,0,lab_support_1,4.779489561656193,189.0796449806218
2017,5,1,0,0,lab_support_1,8.020460093366696,99.89792830227287
2017,6,1,0,0,lab_support_1,29.948672002762518,54.254398497266926
2017,7,1,0,0,lab_support_1,69.46058182680694,13.626535764730507
2017,8,1,0,0,lab_support_1,46.38614573743578,20.72012079615529
2017,9,1,0,0,lab_support_1,14.211245633917715,54.8699286943528
2017,10,1,0,0,lab_support_1,2.6908114324593444,138.411126131671
2017,11,1,0,0,lab_support_1,0.0,221.13658152747792
2017,12,1,0,0,lab_support_1,0.0,291.2715583706937
2017,1,1,0,0,lab_support_2,0.0,368.53654461488435
2017,2,1,0,0,lab_support_2,0.0,298.0233864825126
2017,3,1,0,0,lab_support_2,0.5221489745595447,264.533201380435
2017,4,1,0,0,lab_support_2,4.8215481734865895,188.85339071093225
2017,5,1,0,0,lab_support_2,8.14528281755444,99.70948047740339
2017,6,1,0,0,lab_support_2,30.169657700912772,54.18903145831609
2017,7,1,0,0,lab_support_2,69.88310196193078,13.611717024491323
2017,8,1,0,0,lab_support_2,46.87708536681997,20.651536234233454
2017,9,1,0,0,lab_support_2,14.428497926617005,54.61858008284536
2017,10,1,0,0,lab_support_2,2.737525387733329,138.1026304276436
2017,11,1,0,0,lab_support_2,0.0,220.94355166532338
2017,12,1,0,0,lab_support_2,0.0,291.1106289541433
2017,1,1,0,0,lab_support_3,0.0,369.0681522971969
2017,2,1,0,0,lab_support_3,0.0,298.56865287082235
2017,3,1,0,0,lab_support_3,0.5034007229349894,265.17570508745604
2017,4,1,0,0,lab_support_3,4.757937696153019,189.37243244054127
2017,5,1,0,0,lab_support_3,7.94443881212204,100.14037396991154
2017,6,1,0,0,lab_support_3,29.7922409233014,54.39510322506383
2017,7,1,0,0,lab_support_3,69.14683058081393,13.676061216050309
2017,8,1,0,0,lab_support_3,46.03705353133333,20.81816296859866
2017,9,1,0,0,lab_support_3,14.06052865927472,55.07888730371281
2017,10,1,0,0,lab_support_3,2.6628778773529524,138.72719669939548
2017,11,1,0,0,lab_support_3,0.0,221.45428835888083
2017,12,1,0,0,lab_support_3,0.0,291.6044310291198
2017,1,1,0,0,lab_support_4,0.0,368.6998712180011
2017,2,1,0,0,lab_support_4,0.0,298.15732732676247
2017,3,1,0,0,lab_support_4,0.5196950788315449,264.6750182395319
2017,4,1,0,0,lab_support_4,4.8207235957449255,189.00665615376545
2017,5,1,0,0,lab_support_4,8.124101310124162,99.87874817195893
2017,6,1,0,0,lab_support_4,30.074750020544187,54.323001547435034
2017,7,1,0,0,lab_support_4,69.68358054961891,13.664445551194154
2017,8,1,0,0,lab_support_4,46.71560495223488,20.72120008315048
2017,9,1,0,0,lab_support_4,14.372771706464205,54.688107724025734
2017,10,1,0,0,lab_support_4,2.7326678628434244,138.229609131909
2017,11,1,0,0,lab_support_4,0.0,221.1149664884241
2017,12,1,0,0,lab_support_4,0.0,291.2854417197291
2017,1,1,0,0,lab_support_5,0.0,366.4745563197687
2017,2,1,0,0,lab_support_5,0.0,296.68081192262883
2017,3,1,0,0,lab_support_5,0.4757395757936569,263.8238233193032
2017,4,1,0,0,lab_support_5,4.640179392707313,188.80918076440196
2017,5,1,0,0,lab_support_5,7.532360334452338,100.40265576349023
2017,6,1,0,0,lab_support_5,28.625496165258937,54.61884570605872
2017,7,1,0,0,lab_support_5,66.73735516994545,13.757245257451698
2017,8,1,0,0,lab_support_5,44.008743884988,20.963480089786348
2017,9,1,0,0,lab_support_5,13.412477292441247,55.15964293544217
2017,10,1,0,0,lab_support_5,2.55195360799738,138.24478566955867
2017,11,1,0,0,lab_support_5,0.0,220.1765263364861
2017,12,1,0,0,lab_support_5,0.0,289.61824961997144
2017,1,1,0,0,lab_support_6,0.0,373.3399672378025
2017,2,1,0,0,lab_support_6,0.0,301.9752319924131
2017,3,1,0,0,lab_support_6,0.5568395907757577,268.5336529633682
2017,4,1,0,0,lab_support_6,4.904233149925697,192.50421043362758
2017,5,1,0,0,lab_support_6,8.42356839257341,102.16748544250257
2017,6,1,0,0,lab_support_6,30.469149584579185,55.74259934010239
2017,7,1,0,0,lab_support_6,70.63797013842309,14.031549285946296
2017,8,1,0,0,lab_support_6,48.11945786937577,21.16126645680663
2017,9,1,0,0,lab_support_6,15.050042267504026,55.28305250417721
2017,10,1,0,0,lab_support_6,2.9253814319280123,140.03061210397127
2017,11,1,0,0,lab_support_6,0.0,224.5725613628994
2017,12,1,0,0,lab_support_6,0.0,295.63350034452225
2017,1,1,0,0,lab_support_7,0.0,369.0301598672295
2017,2,1,0,0,lab_support_7,0.0,298.4369164776904
2017,3,1,0,0,lab_support_7,0.5357174587739276,265.1979243858217
2017,4,1,0,0,lab_support_7,4.829456127609139,189.8418682237544
2017,5,1,0,0,lab_support_7,8.09660932668645,100.80110965144748
2017,6,1,0,0,lab_support_7,29.741478306149098,54.970983420220236
2017,7,1,0,0,lab_support_7,69.03441720121539,13.890270698707921
2017,8,1,0,0,lab_support_7,46.606594217760104,20.972399464761903
2017,9,1,0,0,lab_support_7,14.558367088603323,54.770170413048355
2017,10,1,0,0,lab_support_7,2.80427095300942,138.2911293300231
2017,11,1,0,0,lab_support_7,0.0,221.47579351808596
2017,12,1,0,0,lab_support_7,0.0,291.6855985395489
2017,1,1,0,0,lab_support_8,0.0,368.207647343833
2017,2,1,0,0,lab_support_8,0.0,297.97523529658037
2017,3,1,0,0,lab_support_8,0.4910158702791889,265.0053583375866
2017,4,1,0,0,lab_support_8,4.709550652741746,189.84362803218312
2017,5,1,0,0,lab_support_8,7.6732663546929905,101.09317736956376
2017,6,1,0,0,lab_support_8,28.828287830928787,55.1206635343786
2017,7,1,0,0,lab_support_8,67.22814993198467,13.924707820161368
2017,8,1,0,0,lab_support_8,44.70673674934433,21.106421886376932
2017,9,1,0,0,lab_support_8,13.74510205292658,55.15683288322298
2017,10,1,0,0,lab_support_8,2.6397284636655285,138.63554754957778
2017,11,1,0,0,lab_support_8,0.0,221.28209770796744
2017,12,1,0,0,lab_support_8,0.0,291.10976905018566
2017,1,1,0,0,lab_support_9,0.0,368.645772196335
2017,2,1,0,0,lab_support_9,0.0,298.1114568144897
2017,3,1,0,0,lab_support_9,0.5397086230502265,264.8293805391191
2017,4,1,0,0,lab_support_9,4.839103700803912,189.48316459343366
2017,5,1,0,0,lab_support_9,8.155905746739009,100.48008032835376
2017,6,1,0,0,lab_support_9,29.908758101391342,54.752931722214406
2017,7,1,0,0,lab_support_9,69.36424622354177,13.814476265843242
2017,8,1,0,0,lab_support_9,46.88758448174668,20.857439405170606
2017,9,1,0,0,lab_support_9,14.654506924805247,54.6039527353918
2017,10,1,0,0,lab_support_9,2.8127664531619314,138.03369151236404
2017,11,1,0,0,lab_support_9,0.0,221.15211229307295
2017,12,1,0,0,lab_support_9,0.0,291.3342017673033
2017,1,1,0,0,lab_support_10,0.0,369.85913836109273
2017,2,1,0,0,lab_support_10,0.0,299.05152001499187
2017,3,1,0,0,lab_support_10,0.5528097137154274,265.70759348731474
2017,4,1,0,0,lab_support_10,4.876860088098217,190.207915300009
2017,5,1,0,0,lab_support_10,8.265246181754538,100.90595038434732
2017,6,1,0,0,lab_support_10,30.111962898959078,55.02851924298798
2017,7,1,0,0,lab_support_10,69.79833777961363,13.894599704916196
2017,8,1,0,0,lab_support_10,47.408108642704825,20.954159854579192
2017,9,1,0,0,lab_support_10,14.88009816841037,54.71622340865295
2017,10,1,0,0,lab_support_10,2.8694699786451467,138.40454254193767
2017,11,1,0,0,lab_support_10,0.0,221.94228390529858
2017,12,1,0,0,lab_support_10,0.0,292.3858324400192
2017,1,1,0,0,lab_support_11,0.0,362.04097734422186
2017,2,1,0,0,lab_support_11,0.0,293.98126489056637
2017,3,1,0,0,lab_support_11,0.4161527327429198,262.8331340524322
2017,4,1,0,0,lab_support_11,4.247768885472748,189.52277610993036
2017,5,1,0,0,lab_support_11,6.5309912631279206,102.55444583466527
2017,6,1,0,0,lab_support_11,25.94258647618033,55.806557763621264
2017,7,1,0,0,lab_support_11,61.10660305295926,14.237134128600072
2017,8,1,0,0,lab_support_11,39.094474042827414,21.839024816053005
2017,9,1,0,0,lab_support_11,11.866089629980205,56.72562717015756
2017,10,1,0,0,lab_support_11,2.224762573261457,138.83680470586543
2017,11,1,0,0,lab_support_11,0.0,218.8036335668691
2017,12,1,0,0,lab_support_11,0.0,286.6649867173509
2017,1,1,0,0,lab_support_12,0.0,366.8564051407457
2017,2,1,0,0,lab_support_12,0.0,297.0324930553537
2017,3,1,0,0,lab_support_12,0.4865143738907498,264.198890466755
2017,4,1,0,0,lab_support_12,4.616753949262136,188.9828758138592
2017,5,1,0,0,lab_support_12,7.573244798018067,100.32218475851651
2017,6,1,0,0,lab_support_12,28.868350305680597,54.425501723540755
2017,7,1,0,0,lab_support_12,67.24331432076332,13.689354833206979
2017,8,1,0,0,lab_support_12,44.393648676189116,20.930882529560595
2017,9,1,0,0,lab_support_12,13.553254247882409,55.33527727561402
2017,10,1,0,0,lab_support_12,2.5638520117432217,138.35553790296777
2017,11,1,0,0,lab_support_12,0.0,220.2284482078161
2017,12,1,0,0,lab_support_12,0.0,289.80447437911613
2017,1,1,0,0,lab_support_13,0.0,366.4346956794362
2017,2,1,0,0,lab_support_13,0.0,296.6432404457474
2017,3,1,0,0,lab_support_13,0.48854239681741174,263.75662357953735
2017,4,1,0,0,lab_support_13,4.640690286583181,188.63399628009907
2017,5,1,0,0,lab_support_13,7.6261636026943975,100.1041051847179
2017,6,1,0,0,lab_support_13,28.948639633700644,54.3360968411927
2017,7,1,0,0,lab_support_13,67.3771311076926,13.670678136182342
2017,8,1,0,0,lab_support_13,44.55113988665679,20.868867358738353
2017,9,1,0,0,lab_support_13,13.629116077912842,55.127152637863766
2017,10,1,0,0,lab_support_13,2.5785664579110112,138.09131370500708
2017,11,1,0,0,lab_support_13,0.0,219.95981100175797
2017,12,1,0,0,lab_support_13,0.0,289.4863289009248
2017,1,1,0,0,lab_support_14,0.0,366.8081771969503
2017,2,1,0,0,lab_support_14,0.0,297.1252465887764
2017,3,1,0,0,lab_support_14,0.4557256101394576,264.4724337518875
2017,4,1,0,0,lab_support_14,4.540714847092295,189.4122776236748
2017,5,1,0,0,lab_support_14,7.258400832521082,100.9646299834244
2017,6,1,0,0,lab_support_14,28.067161349026133,54.87947826982112
2017,7,1,0,0,lab_support_14,65.60015711156427,13.83722300974044
2017,8,1,0,0,lab_support_14,42.83333851253597,21.202728371369364
2017,9,1,0,0,lab_support_14,12.926323085420073,55.760358665887615
2017,10,1,0,0,lab_support_14,2.459894598167603,138.89225274587045
2017,11,1,0,0,lab_support_14,0.0,220.565165052538
2017,12,1,0,0,lab_support_14,0.0,289.92688916411527
2017,1,1,0,0,lab_support_15,0.0,377.03292021200303
2017,2,1,0,0,lab_support_15,0.0,304.841237246675
2017,3,1,0,0,lab_support_15,0.5269162168574529,270.56125222907144
2017,4,1,0,0,lab_support_15,4.897443338656547,192.73488784997414
2017,5,1,0,0,lab_support_15,8.41012239088665,101.13819882915743
2017,6,1,0,0,lab_support_15,31.45104236489764,54.79041725863947
2017,7,1,0,0,lab_support_15,72.82521401825196,13.7298540105516
2017,8,1,0,0,lab_support_15,48.84644495532288,20.94478527482284
2017,9,1,0,0,lab_support_15,14.707148123228443,55.936951265589315
2017,10,1,0,0,lab_support_15,2.7769699796083565,141.40949266315718
2017,11,1,0,0,lab_support_15,0.0,226.0198691425401
2017,12,1,0,0,lab_support_15,0.0,297.8875783110778
2017,1,1,0,0,lab_support_16,0.0,369.19000254944325
2017,2,1,0,0,lab_support_16,0.0,298.73036329913367
2017,3,1,0,0,lab_support_16,0.49663456773315323,265.40338847165214
2017,4,1,0,0,lab_support_16,4.727062227928159,189.58393879110687
2017,5,1,0,0,lab_support_16,7.8571159747847314,100.31627356342709
2017,6,1,0,0,lab_support_16,29.626994017045277,54.47254453904041
2017,7,1,0,0,lab_support_16,68.82671115281907,13.697702397509685
2017,8,1,0,0,lab_support_16,45.696131971032486,20.883283596601434
2017,9,1,0,0,lab_support_16,13.914670364347495,55.2589413687564
2017,10,1,0,0,lab_support_16,2.634224373620638,138.9324273462667
2017,11,1,0,0,lab_support_16,0.0,221.58411746806294
2017,12,1,0,0,lab_support_16,0.0,291.71910979972495
2017,1,1,0,0,lab_support_17,0.0,369.115634137124
2017,2,1,0,0,lab_support_17,0.0,298.2978815382939
2017,3,1,0,0,lab_support_17,0.5551271301009869,264.5982748240219
2017,4,1,0,0,lab_support_17,4.930445158555508,188.8682324599996
2017,5,1,0,0,lab_support_17,8.465364654124608,99.62085610141739
2017,6,1,0,0,lab_support_17,30.760891149996425,54.22351764049046
2017,7,1,0,0,lab_support_17,71.03509394162596,13.633756073202974
2017,8,1,0,0,lab_support_17,48.25145524601517,20.589000650757907
2017,9,1,0,0,lab_support_17,15.022046385479467,54.207333860710634
2017,10,1,0,0,lab_support_17,2.8715325901833997,137.75083106233492
2017,11,1,0,0,lab_support_17,0.0,221.0862967700078
2017,12,1,0,0,lab_support_17,0.0,291.5249300601859
2017,1,1,0,0,lab_support_18,0.0,369.44290749211194
2017,2,1,0,0,lab_support_18,0.0,298.5152358956547
2017,3,1,0,0,lab_support_18,0.564340213202203,264.7683031510311
2017,4,1,0,0,lab_support_18,4.9580410558443,189.00712770336233
2017,5,1,0,0,lab_support_18,8.548827435310821,99.69642602823488
2017,6,1,0,0,lab_support_18,30.90171264022159,54.29114833802303
2017,7,1,0,0,lab_support_18,71.31353858598342,13.655382343043165
2017,8,1,0,0,lab_support_18,48.60483136350665,20.60048915684554
2017,9,1,0,0,lab_support_18,15.184420080408326,54.15017955121816
2017,10,1,0,0,lab_support_18,2.9102389153577435,137.73937309475696
2017,11,1,0,0,lab_support_18,0.0,221.25108326876182
2017,12,1,0,0,lab_support_18,0.0,291.78701444172225
2017,1,1,0,0,lab_support_19,0.0,369.01449443399156
2017,2,1,0,0,lab_support_19,0.0,299.09189339262275
2017,3,1,0,0,lab_support_19,0.4408095708395041,266.5885450515803
2017,4,1,0,0,lab_support_19,4.481142738989437,191.16850275396638
2017,5,1,0,0,lab_support_19,7.066961989729351,102.17648269502092
2017,6,1,0,0,lab_support_19,27.698552821459494,55.5150326470522
2017,7,1,0,0,lab_support_19,65.01712190622354,14.004443000532385
2017,8,1,0,0,lab_support_19,42.17734831340439,21.510876235084957
2017,9,1,0,0,lab_support_19,12.628928881309633,56.56915250548049
2017,10,1,0,0,lab_support_19,2.3909985846843007,140.24170886622662
2017,11,1,0,0,lab_support_19,0.0,222.21742297445442
2017,12,1,0,0,lab_support_19,0.0,291.838351092203
2017,1,1,0,0,lab_support_20,0.0,368.8221001817239
2017,2,1,0,0,lab_support_20,0.0,298.1961648523355
2017,3,1,0,0,lab_support_20,0.5312752131982463,264.63161238873374
2017,4,1,0,0,lab_support_20,4.856674006322904,188.9194675201308
2017,5,1,0,0,lab_support_20,8.248660602368966,99.73615819377287
2017,6,1,0,0,lab_support_20,30.347248727504798,54.245006867302564
2017,7,1,0,0,lab_support_20,70.2178221123771,13.641509935662802
2017,8,1,0,0,lab_support_20,47.26200329608116,20.65986054685707
2017,9,1,0,0,lab_support_20,14.593927711541305,54.52966223578657
2017,10,1,0,0,lab_support_20,2.7744841422555866,138.08025635466288
2017,11,1,0,0,lab_support_20,0.0,221.10170019397012
2017,12,1,0,0,lab_support_20,0.0,291.3599058264625
2017,1,1,0,0,lab_support_21,0.0,368.7161851620959
2017,2,1,0,0,lab_support_21,0.0,298.12943713239264
2017,3,1,0,0,lab_support_21,0.5263790740184312,264.6127789707743
2017,4,1,0,0,lab_support_21,4.844330063706002,188.94687432518754
2017,5,1,0,0,lab_support_21,8.19055944701132,99.80447335489248
2017,6,1,0,0,lab_support_21,30.218530445352545,54.28824542792812
2017,7,1,0,0,lab_support_21,69.97343578766993,13.650588078257012
2017,8,1,0,0,lab_support_21,47.04681268487098,20.67757480248674
2017,9,1,0,0,lab_support_21,14.505878988679747,54.554351647287184
2017,10,1,0,0,lab_support_21,2.7599977454304736,138.09608749313767
2017,11,1,0,0,lab_support_21,0.0,221.06952771517268
2017,12,1,0,0,lab_support_21,0.0,291.2781427841608
2017,1,1,0,0,laboratory_0,0.0,254.48669550545821
2017,2,1,0,0,laboratory_0,0.0,206.09033545585683
2017,3,1,0,0,laboratory_0,0.3970205509479989,183.3673108572911
2017,4,1,0,0,laboratory_0,3.254930140368272,131.23569161640557
2017,5,1,0,0,laboratory_0,5.503962739476458,69.47868434451418
2017,6,1,0,0,laboratory_0,20.626138871653875,37.40982933456497
2017,7,1,0,0,laboratory_0,47.88260803948655,9.340646075088902
2017,8,1,0,0,laboratory_0,32.272471759232886,14.198156381245047
2017,9,1,0,0,laboratory_0,10.274574725217034,37.90189140986192
2017,10,1,0,0,laboratory_0,1.92887281830162,95.07827820244788
2017,11,1,0,0,laboratory_0,0.0,152.0384195067206
2017,12,1,0,0,laboratory_0,0.0,200.53908456185982
2017,1,1,0,0,laboratory_1,0.0,255.1735798356999
2017,2,1,0,0,laboratory_1,0.0,206.68847173061502
2017,3,1,0,0,laboratory_1,0.3900641827933614,183.9806908004596
2017,4,1,0,0,laboratory_1,3.2437237220022883,131.75102258872778
2017,5,1,0,0,laboratory_1,5.469988460621475,69.83973062372365
2017,6,1,0,0,laboratory_1,20.569831107315817,37.619646212030354
2017,7,1,0,0,laboratory_1,47.80683313021741,9.402289989921973
2017,8,1,0,0,laboratory_1,32.14458082858293,14.302118905589012
2017,9,1,0,0,laboratory_1,10.195583480021906,38.14932701149924
2017,10,1,0,0,laboratory_1,1.9066432930907329,95.54277161420124
2017,11,1,0,0,laboratory_1,0.0,152.61191533029918
2017,12,1,0,0,laboratory_1,0.0,201.1818869290917
2017,1,1,0,0,laboratory_2,0.0,255.08500204551507
2017,2,1,0,0,laboratory_2,0.0,206.60748463335776
2017,3,1,0,0,laboratory_2,0.3909173716225877,183.89819674293224
2017,4,1,0,0,laboratory_2,3.246772958159805,131.69011747171282
2017,5,1,0,0,laboratory_2,5.475552254648561,69.80664533952205
2017,6,1,0,0,laboratory_2,20.569961967582987,37.606943995852774
2017,7,1,0,0,laboratory_2,47.80206937457473,9.396639058877094
2017,8,1,0,0,laboratory_2,32.155806393354574,14.288217814662719
2017,9,1,0,0,laboratory_2,10.206599440996065,38.105139781645896
2017,10,1,0,0,laboratory_2,1.9116386471240205,95.47815479870991
2017,11,1,0,0,laboratory_2,0.0,152.54779682406965
2017,12,1,0,0,laboratory_2,0.0,201.10683308241434
2017,1,1,0,0,conference_0,0.0,37.2352132914419
2017,2,1,0,0,conference_0,0.0,26.77652702562507
2017,3,1,0,0,conference_0,0.25640039905575746,20.452780987362658
2017,4,1,0,0,conference_0,1.3409954988203363,10.150245682275024
2017,5,1,0,0,conference_0,3.9259411916516624,2.7358277691623916
2017,6,1,0,0,conference_0,11.56513323263581,0.8337650539523592
2017,7,1,0,0,conference_0,23.036085638174967,0.010620646356451663
2017,8,1,0,0,conference_0,17.432460794749527,0.04253790126395993
2017,9,1,0,0,conference_0,6.377791585704599,0.8606378958816473
2017,10,1,0,0,conference_0,0.5619690579557128,5.982552588378678
2017,11,1,0,0,conference_0,0.000202389912273708,15.76934085600517
2017,12,1,0,0,conference_0,1.6500384618004324e-05,25.343436311500493
2017,1,1,0,0,conference_1,3.852506662308775e-06,32.805928828170345
2017,2,1,0,0,conference_1,0.001340299881286792,23.086581496113734
2017,3,1,0,0,conference_1,0.40313958841340913,17.649665378036822
2017,4,1,0,0,conference_1,1.4184408235864163,8.617144751151496
2017,5,1,0,0,conference_1,4.369511286389858,2.2668655344198703
2017,6,1,0,0,conference_1,11.99854380608205,0.6517496927337489
2017,7,1,0,0,conference_1,23.407319255746227,0.00530240523237187
2017,8,1,0,0,conference_1,18.780028881336012,0.024789742049028125
2017,9,1,0,0,conference_1,7.493027663580748,0.618180400669908
2017,10,1,0,0,conference_1,0.707727236232317,4.7972518027413695
2017,11,1,0,0,conference_1,0.0011497608779796498,13.239445703418866
2017,12,1,0,0,conference_1,0.0010171394494834618,21.75519856101816
2017,1,1,0,0,conference_2,3.84356625418999e-06,32.29520934472858
2017,2,1,0,0,conference_2,0.002186916207025233,22.71602813535592
2017,3,1,0,0,conference_2,0.44091766074864575,17.444027844084534
2017,4,1,0,0,conference_2,1.4414097818330618,8.543664771172432
2017,5,1,0,0,conference_2,4.394569023264851,2.255772196135968
2017,6,1,0,0,conference_2,11.972943203894095,0.6496716832881474
2017,7,1,0,0,conference_2,23.399975643327725,0.0052835384420497605
2017,8,1,0,0,conference_2,19.048767802583665,0.024442288144906014
2017,9,1,0,0,conference_2,7.806397010472199,0.6093299831913206
2017,10,1,0,0,conference_2,0.7552406507770569,4.7239511354427215
2017,11,1,0,0,conference_2,0.0014639616349326277,13.029612243887327
2017,12,1,0,0,conference_2,0.00142359248825928,21.386344835126696
2017,1,1,0,0,conference_3,0.0,34.59502758204306
2017,2,1,0,0,conference_3,0.004337611743837956,24.347862052057597
2017,3,1,0,0,conference_3,0.5479585089807107,18.871831456666303
2017,4,1,0,0,conference_3,1.583059906343709,9.328060476111148
2017,5,1,0,0,conference_3,4.868567368625054,2.493736886151595
2017,6,1,0,0,conference_3,12.99078313850078,0.725157882701279
2017,7,1,0,0,conference_3,25.326170971372335,0.005754236900097274
2017,8,1,0,0,conference_3,20.9359470526682,0.02763410967892001
2017,9,1,0,0,conference_3,8.856689008361938,0.6791224095045272
2017,10,1,0,0,conference_3,0.8849588921285728,5.202799959622797
2017,11,1,0,0,conference_3,0.008911196317339918,14.136442755197447
2017,12,1,0,0,conference_3,0.002343944080239359,23.046733613742294
2017,1,1,0,0,conference_4,0.0,34.00614083257884
2017,2,1,0,0,conference_4,0.0009702976366559861,23.846433594060173
2017,3,1,0,0,conference_4,0.36238841151626205,18.07396436399533
2017,4,1,0,0,conference_4,1.4166230463071556,8.70527893252621
2017,5,1,0,0,conference_4,4.420922973918586,2.2842967328666774
2017,6,1,0,0,conference_4,12.24512390807161,0.6514449539930006
2017,7,1,0,0,conference_4,23.83574140445662,0.004960589729970791
2017,8,1,0,0,conference_4,18.761024135939284,0.024894220862427725
2017,9,1,0,0,conference_4,7.267456493092809,0.631764163387692
2017,10,1,0,0,conference_4,0.6618139592716549,4.881380735302541
2017,11,1,0,0,conference_4,0.0008167623375032395,13.635662904467617
2017,12,1,0,0,conference_4,0.00044894849360890056,22.48352669674454
2017,1,1,0,0,conference_5,3.7817095955391304e-06,32.80541556722342
2017,2,1,0,0,conference_5,0.0,23.633293475355995
2017,3,1,0,0,conference_5,0.20032355230969656,17.846788301914476
2017,4,1,0,0,conference_5,1.3180961050197557,8.8593047218604
2017,5,1,0,0,conference_5,2.8158482076155873,2.0488180099519577
2017,6,1,0,0,conference_5,9.244053927723057,0.664721978626299
2017,7,1,0,0,conference_5,20.269961114024856,0.010711450039775267
2017,8,1,0,0,conference_5,15.37665041863787,0.01281787600085571
2017,9,1,0,0,conference_5,5.708409730933829,0.49576985985166006
2017,10,1,0,0,conference_5,0.5407214649532823,4.996717968853641
2017,11,1,0,0,conference_5,0.00017898093065950982,13.685965135125933
2017,12,1,0,0,conference_5,2.173232571643824e-05,22.03883719004745
2017,1,1,0,0,conference_6,0.0,44.60547180232481
2017,2,1,0,0,conference_6,0.0,32.54152108034787
2017,3,1,0,0,conference_6,0.2563015456304274,25.071381158003543
2017,4,1,0,0,conference_6,1.4236615291854522,12.667786996531708
2017,5,1,0,0,conference_6,3.826968813219171,3.2844160936426015
2017,6,1,0,0,conference_6,11.974578844660934,1.0071499303209128
2017,7,1,0,0,conference_6,24.482227646021204,0.01231807999635086
2017,8,1,0,0,conference_6,18.18424882703626,0.03988049339116642
2017,9,1,0,0,conference_6,6.643243788218057,1.0804634461596128
2017,10,1,0,0,conference_6,0.6408484751659672,7.6811053882289935
2017,11,1,0,0,conference_6,8.55019517051613e-05,19.307370614431562
2017,12,1,0,0,conference_6,8.358827199326786e-06,30.778161305479106
2017,1,1,0,0,conference_7,1.90256590840485e-05,38.71477454561481
2017,2,1,0,0,conference_7,0.0,28.086397858165135
2017,3,1,0,0,conference_7,0.2684823648448017,21.470641519221996
2017,4,1,0,0,conference_7,1.4614449156345148,11.121691946746889
2017,5,1,0,0,conference_7,3.6368606602018323,2.796347805883751
2017,6,1,0,0,conference_7,10.844556744519503,0.8984751310006094
2017,7,1,0,0,conference_7,22.878674789118552,0.010823182327528817
2017,8,1,0,0,conference_7,17.532112617806963,0.021721931574154956
2017,9,1,0,0,conference_7,6.869646535579266,0.7449827981063443
2017,10,1,0,0,conference_7,0.692793230394697,6.4829510381020885
2017,11,1,0,0,conference_7,0.00039184597134725403,16.748320750889818
2017,12,1,0,0,conference_7,3.18910915693791e-05,26.614584219107584
2017,1,1,0,0,conference_8,0.0,36.241612085612644
2017,2,1,0,0,conference_8,0.004037032055107172,25.990318271061113
2017,3,1,0,0,conference_8,0.5518925405140338,20.78850933812029
2017,4,1,0,0,conference_8,1.6159831601758177,11.007749711793663
2017,5,1,0,0,conference_8,4.4946697528097985,3.0992951559823703
2017,6,1,0,0,conference_8,12.365530100361118,0.9941319865569268
2017,7,1,0,0,conference_8,24.741197632306836,0.011931716220830266
2017,8,1,0,0,conference_8,20.6006743338851,0.049360508560300935
2017,9,1,0,0,conference_8,8.912323105145962,0.8815193147678976
2017,10,1,0,0,conference_8,0.9913479962307381,6.195259710213477
2017,11,1,0,0,conference_8,0.009933506169468526,15.728672345143304
2017,12,1,0,0,conference_8,0.003392440355269668,24.78505760392421
2017,1,1,0,0,conference_9,0.00030467042294506585,34.10354274420652
2017,2,1,0,0,conference_9,0.005015189210620294,24.363111575818458
2017,3,1,0,0,conference_9,0.6381920193734438,19.458467358771156
2017,4,1,0,0,conference_9,1.834271467155616,10.619582314585813
2017,5,1,0,0,conference_9,4.4536040166896305,2.9032541635560083
2017,6,1,0,0,conference_9,11.921775962032367,0.9769396474799895
2017,7,1,0,0,conference_9,24.87622186072501,0.01181552265434707
2017,8,1,0,0,conference_9,21.465553750149237,0.027084347752468436
2017,9,1,0,0,conference_9,10.094653132333136,0.6261759170564005
2017,10,1,0,0,conference_9,1.3093144497705198,5.659079583148844
2017,11,1,0,0,conference_9,0.032149687916199564,15.024466325129195
2017,12,1,0,0,conference_9,0.005733423068005189,23.553632807101476
2017,1,1,0,0,conference_10,0.0,40.64321723585166
2017,2,1,0,0,conference_10,0.000877968205267713,29.20692688735566
2017,3,1,0,0,conference_10,0.3654287622181195,22.79165858956348
2017,4,1,0,0,conference_10,1.5057082660131793,11.713256126517967
2017,5,1,0,0,conference_10,4.444267892755113,3.2126057540570954
2017,6,1,0,0,conference_10,12.791322172369933,0.9914531252490651
2017,7,1,0,0,conference_10,25.29028957639814,0.011481466306406998
2017,8,1,0,0,conference_10,19.554115547795014,0.05326084342707975
2017,9,1,0,0,conference_10,7.450674111790825,1.0005625664454305
2017,10,1,0,0,conference_10,0.7175273528969667,6.889974920942743
2017,11,1,0,0,conference_10,0.0006382602368693429,17.479345430901052
2017,12,1,0,0,conference_10,0.00041158099651367294,27.835086877006308
2017,1,1,0,0,conference_11,0.0002077891995055854,22.99148298996188
2017,2,1,0,0,conference_11,0.0,16.79326324232063
2017,3,1,0,0,conference_11,0.24276411024692623,13.2354308896758
2017,4,1,0,0,conference_11,0.9090732720554038,6.827192707765571
2017,5,1,0,0,conference_11,2.2401846684152513,1.8179296741868538
2017,6,1,0,0,conference_11,6.799747163902573,0.540496996300437
2017,7,1,0,0,conference_11,14.164566288065185,0.009621769971059718
2017,8,1,0,0,conference_11,11.798658705756415,0.02730663188106916
2017,9,1,0,0,conference_11,5.1393429461516265,0.4835099356989295
2017,10,1,0,0,conference_11,0.5755910282818718,3.4585588946842636
2017,11,1,0,0,conference_11,0.000569964243723303,9.380863489473729
2017,12,1,0,0,conference_11,0.00017329350120559415,15.031030345442913
2017,1,1,0,0,conference_12,0.0001990050902006303,23.122066185890414
2017,2,1,0,0,conference_12,0.0,16.876383857586752
2017,3,1,0,0,conference_12,0.23681240766885028,13.275768809179779
2017,4,1,0,0,conference_12,0.9078915637622297,6.813460722670249
2017,5,1,0,0,conference_12,2.2404399875968943,1.8197216424463294
2017,6,1,0,0,conference_12,6.815629154516198,0.5414400295884066
2017,7,1,0,0,conference_12,14.206957524626223,0.009319504452424333
2017,8,1,0,0,conference_12,11.810237602848387,0.026949057942787017
2017,9,1,0,0,conference_12,5.111757457493257,0.4860571577591273
2017,10,1,0,0,conference_12,0.5676335913779448,3.479868757081052
2017,11,1,0,0,conference_12,0.0004247584640970626,9.44695241324024
2017,12,1,0,0,conference_12,0.00015328012356818652,15.124441772481847
2017,1,1,0,0,conference_13,0.0,35.37935473972316
2017,2,1,0,0,conference_13,0.0006574489406898375,25.088279107906363
2017,3,1,0,0,conference_13,0.3614532158992495,19.073191295795013
2017,4,1,0,0,conference_13,1.3086929147063522,9.511935824624326
2017,5,1,0,0,conference_13,3.970330895503288,2.585236311576167
2017,6,1,0,0,conference_13,10.979981116550944,0.7764406614833081
2017,7,1,0,0,conference_13,21.91183737819376,0.009402153729842978
2017,8,1,0,0,conference_13,17.496073070740067,0.036395316522636216
2017,9,1,0,0,conference_13,6.872048193543479,0.738766376941139
2017,10,1,0,0,conference_13,0.5921535095764002,5.331598290705354
2017,11,1,0,0,conference_13,0.00041474580605905284,14.66531767269208
2017,12,1,0,0,conference_13,8.737745268399299e-05,23.91814462759819
2017,1,1,0,0,classroom_0,0.0,45.00651874019723
2017,2,1,0,0,classroom_0,0.0,34.180417487250885
2017,3,1,0,0,classroom_0,0.20835027537165166,27.30085452484302
2017,4,1,0,0,classroom_0,1.0180308708897676,15.164126120616633
2017,5,1,0,0,classroom_0,2.0840792698934774,4.585749981909662
2017,6,1,0,0,classroom_0,7.015761360956119,1.564702707577238
2017,7,1,0,0,classroom_0,15.122448771143384,0.037120640474999585
2017,8,1,0,0,classroom_0,12.24716254730508,0.12925952219716916
2017,9,1,0,0,classroom_0,4.837933810144801,1.3316525240238477
2017,10,1,0,0,classroom_0,0.5019169165463316,8.308257085725426
2017,11,1,0,0,classroom_0,2.911171620859975e-18,20.384542738112074
2017,12,1,0,0,classroom_0,0.0,31.395203553564862
2017,1,1,0,0,classroom_1,0.0,44.32172448470218
2017,2,1,0,0,classroom_1,0.0,33.81234580526821
2017,3,1,0,0,classroom_1,0.1819556894908597,27.11074678850536
2017,4,1,0,0,classroom_1,0.929545573053439,14.953619932179942
2017,5,1,0,0,classroom_1,1.9391393763748617,4.503043101253332
2017,6,1,0,0,classroom_1,6.781461316332914,1.5333992196538166
2017,7,1,0,0,classroom_1,14.649813298103314,0.037866923937722965
2017,8,1,0,0,classroom_1,11.566971792373925,0.11835739691249665
2017,9,1,0,0,classroom_1,4.36485601586465,1.3776155884389993
2017,10,1,0,0,classroom_1,0.4409091385280714,8.478070678386429
2017,11,1,0,0,classroom_1,0.0,20.294301331376303
2017,12,1,0,0,classroom_1,0.0,31.077184283042957
2017,1,1,0,0,classroom_2,0.0,43.61279171671692
2017,2,1,0,0,classroom_2,0.0,33.2132954624044
2017,3,1,0,0,classroom_2,0.18805396699660312,26.541493882906497
2017,4,1,0,0,classroom_2,0.9439848188683222,14.59742473214938
2017,5,1,0,0,classroom_2,1.9719943210012723,4.3737050377109865
2017,6,1,0,0,classroom_2,6.843604400972942,1.4877397916200799
2017,7,1,0,0,classroom_2,14.765846668442494,0.03815897439463695
2017,8,1,0,0,classroom_2,11.706876072190633,0.11030822198787872
2017,9,1,0,0,classroom_2,4.454511905506132,1.3204086529861012
2017,10,1,0,0,classroom_2,0.45349755140744374,8.229518682619423
2017,11,1,0,0,classroom_2,2.606950030890427e-18,19.86326931673329
2017,12,1,0,0,classroom_2,0.0,30.48144478344846
2017,1,1,0,0,classroom_3,0.0,43.52504106890527
2017,2,1,0,0,classroom_3,0.0,33.167712987902156
2017,3,1,0,0,classroom_3,0.17831199976703416,26.487255577083086
2017,4,1,0,0,classroom_3,0.9321640529442212,14.554087204494571
2017,5,1,0,0,classroom_3,1.9197788505212587,4.346984852983172
2017,6,1,0,0,classroom_3,6.693448362277082,1.4760984468147034
2017,7,1,0,0,classroom_3,14.47605991203159,0.03793686567138864
2017,8,1,0,0,classroom_3,11.468919211859518,0.10645682713161772
2017,9,1,0,0,classroom_3,4.334150439820194,1.2891014386801443
2017,10,1,0,0,classroom_3,0.43410966847088617,8.186010297305161
2017,11,1,0,0,classroom_3,1.7831465609806033e-18,19.84532877294459
2017,12,1,0,0,classroom_3,0.0,30.45578193182514
2017,1,1,0,0,corridor_0,0.0,15.39392495639025
2017,2,1,0,0,corridor_0,1.2755145576095906e-05,10.7601373796081
2017,3,1,0,0,corridor_0,0.04340420523676619,8.017529602918174
2017,4,1,0,0,corridor_0,0.509740184895875,3.837520795597453
2017,5,1,0,0,corridor_0,0.9303049495286893,1.1115634357722464
2017,6,1,0,0,corridor_0,2.7561863415532546,0.46084803875579355
2017,7,1,0,0,corridor_0,6.517212868372842,0.006325459762043068
2017,8,1,0,0,corridor_0,4.935569207896536,0.006314396340630991
2017,9,1,0,0,corridor_0,1.8021333333784084,0.155394956593296
2017,10,1,0,0,corridor_0,0.11269710070747901,2.150128229925316
2017,11,1,0,0,corridor_0,1.3556303061438936e-05,6.891505234801378
2017,12,1,0,0,corridor_0,2.3859235779627615e-06,10.710712818128982
2017,1,1,0,0,corridor_1,0.0,9.271615853082842
2017,2,1,0,0,corridor_1,0.0,6.610614683891017
2017,3,1,0,0,corridor_1,0.011142409872624994,5.143772165545282
2017,4,1,0,0,corridor_1,0.15010138086292651,2.6512617181954177
2017,5,1,0,0,corridor_1,0.3543466966114611,1.0442771668130701
2017,6,1,0,0,corridor_1,1.3988741320748346,0.3567505303657322
2017,7,1,0,0,corridor_1,3.1803132619983665,0.012030482280940386
2017,8,1,0,0,corridor_1,2.3331021137409267,0.03438747635005571
2017,9,1,0,0,corridor_1,0.7502497662203443,0.37047307320071254
2017,10,1,0,0,corridor_1,0.028267758642382467,1.7222920280828231
2017,11,1,0,0,corridor_1,0.0,4.144894372029224
2017,12,1,0,0,corridor_1,0.0,6.208336357450877
2017,1,1,0,0,corridor_2,0.0,4.513623785379542
2017,2,1,0,0,corridor_2,0.0,3.084447268523801
2017,3,1,0,0,corridor_2,0.005678846689154896,2.083012341542941
2017,4,1,0,0,corridor_2,0.12085990419507078,0.9646261608571983
2017,5,1,0,0,corridor_2,0.25696768441016665,0.2519090493522447
2017,6,1,0,0,corridor_2,1.0292101097933344,0.04778984271443719
2017,7,1,0,0,corridor_2,2.2645680550911282,0.0
2017,8,1,0,0,corridor_2,1.656437891792221,0.0
2017,9,1,0,0,corridor_2,0.5233177232957978,0.06429480195933422
2017,10,1,0,0,corridor_2,0.014721134434688386,0.5396731090914967
2017,11,1,0,0,corridor_2,0.0,1.6292690304613673
2017,12,1,0,0,corridor_2,0.0,2.723396349466913
2017,1,1,0,0,corridor_3,1.2923830379542238e-06,18.454110383345345
2017,2,1,0,0,corridor_3,1.9195315034684237e-05,13.00374816373179
2017,3,1,0,0,corridor_3,0.1987365186126079,10.322243602477995
2017,4,1,0,0,corridor_3,0.4318277484294311,4.87612431499177
2017,5,1,0,0,corridor_3,1.6877692373523698,1.5420068006754553
2017,6,1,0,0,corridor_3,4.162374057899496,0.4946025367382057
2017,7,1,0,0,corridor_3,8.228315956440987,0.005659988394486937
2017,8,1,0,0,corridor_3,6.614520982615566,0.023592540576607347
2017,9,1,0,0,corridor_3,2.6555236668005286,0.4225274078117077
2017,10,1,0,0,corridor_3,0.24082672344787728,3.017602399391205
2017,11,1,0,0,corridor_3,0.0008634835157096531,8.160013270361206
2017,12,1,0,0,corridor_3,1.2402589460200034e-05,12.802051080331236
2017,1,1,0,0,corridor_4,0.0,11.767341980056042
2017,2,1,0,0,corridor_4,0.0,8.601780007987355
2017,3,1,0,0,corridor_4,0.003018639546216336,6.615587011899947
2017,4,1,0,0,corridor_4,0.12299012572221125,3.0409133883172283
2017,5,1,0,0,corridor_4,0.2392064273235312,0.869152780460204
2017,6,1,0,0,corridor_4,1.1207337196298448,0.27178778665697934
2017,7,1,0,0,corridor_4,2.641838743356127,0.005404173602926753
2017,8,1,0,0,corridor_4,1.7400604126653703,0.012971837703396829
2017,9,1,0,0,corridor_4,0.45953895168924935,0.26343640990937195
2017,10,1,0,0,corridor_4,0.010493448107351321,1.953618054599393
2017,11,1,0,0,corridor_4,0.0,5.094095953070767
2017,12,1,0,0,corridor_4,0.0,8.01365859941574
2017,1,1,0,0,corridor_5,0.0,9.448545602417582
2017,2,1,0,0,corridor_5,0.0,6.920093636050414
2017,3,1,0,0,corridor_5,0.003488228710786617,5.454338687522698
2017,4,1,0,0,corridor_5,0.08574184821286769,2.675295188330778
2017,5,1,0,0,corridor_5,0.18443798778680598,0.9256611531591189
2017,6,1,0,0,corridor_5,0.8082960893222055,0.2917413003855683
2017,7,1,0,0,corridor_5,1.8674553577998307,0.007037463944466007
2017,8,1,0,0,corridor_5,1.284017024835616,0.02294883201106912
2017,9,1,0,0,corridor_5,0.3589707897593571,0.2681480038507697
2017,10,1,0,0,corridor_5,0.0062604752839551985,1.6646578756912878
2017,11,1,0,0,corridor_5,0.0,4.206384017114717
2017,12,1,0,0,corridor_5,0.0,6.451762724765518
2017,1,1,0,0,corridor_6,0.0,9.801000193126207
2017,2,1,0,0,corridor_6,0.0,7.164438512672753
2017,3,1,0,0,corridor_6,0.0,5.584400019113546
2017,4,1,0,0,corridor_6,0.08548761272856337,2.885943812746721
2017,5,1,0,0,corridor_6,0.15415676435433104,1.0903618956132812
2017,6,1,0,0,corridor_6,0.7690759164024529,0.395422030410398
2017,7,1,0,0,corridor_6,1.8484970701761114,0.009628763955067749
2017,8,1,0,0,corridor_6,1.2485103299945504,0.02518343422197782
2017,9,1,0,0,corridor_6,0.31987698459741926,0.2933646659826312
2017,10,1,0,0,corridor_6,0.0,1.8353091655604659
2017,11,1,0,0,corridor_6,0.0,4.5550185617459755
2017,12,1,0,0,corridor_6,0.0,6.796867176303789
2017,1,1,0,0,corridor_7,0.0,24.58994962238707
2017,2,1,0,0,corridor_7,0.0,17.422138992516313
2017,3,1,0,0,corridor_7,0.10769348529116671,13.282145652750978
2017,4,1,0,0,corridor_7,0.4027901861243177,6.147921403540088
2017,5,1,0,0,corridor_7,1.939031379333224,1.9173906180409603
2017,6,1,0,0,corridor_7,5.187002526880336,0.6275565324357927
2017,7,1,0,0,corridor_7,9.760091910865398,0.00782894058624225
2017,8,1,0,0,corridor_7,6.407432029052734,0.03763049351483736
2017,9,1,0,0,corridor_7,1.8041947841134167,0.6081598337225198
2017,10,1,0,0,corridor_7,0.07038836191618089,4.231834342636381
2017,11,1,0,0,corridor_7,1.4813435877832922e-18,11.094690944704736
2017,12,1,0,0,corridor_7,0.0,17.449694453994358
2017,1,1,0,0,corridor_8,0.0,9.818564808481673
2017,2,1,0,0,corridor_8,0.0,7.148487556744699
2017,3,1,0,0,corridor_8,0.0,5.492210781630206
2017,4,1,0,0,corridor_8,0.09665266979930462,2.7476660125341237
2017,5,1,0,0,corridor_8,0.22482488618074367,1.015524487801259
2017,6,1,0,0,corridor_8,0.9715093080937786,0.33099952117900083
2017,7,1,0,0,corridor_8,2.2516511435424262,0.007590154561135604
2017,8,1,0,0,corridor_8,1.5239667598309357,0.020105988274581703
2017,9,1,0,0,corridor_8,0.4116622816254435,0.3007772025319249
2017,10,1,0,0,corridor_8,0.0015127302049750423,1.7680860985353684
2017,11,1,0,0,corridor_8,0.0,4.486559444776965
2017,12,1,0,0,corridor_8,0.0,6.756871607706704
2017,1,1,0,0,corridor_9,0.0,10.782713959311147
2017,2,1,0,0,corridor_9,0.0,7.531825298371831
2017,3,1,0,0,corridor_9,0.02477130320299368,5.895492641212313
2017,4,1,0,0,corridor_9,0.20595642809036063,3.031752547033425
2017,5,1,0,0,corridor_9,0.5872989093262925,1.2319811321570724
2017,6,1,0,0,corridor_9,1.8904334237763816,0.4505786033844599
2017,7,1,0,0,corridor_9,4.1925680172794,0.01195273199553108
2017,8,1,0,0,corridor_9,3.1270349554063688,0.03325652146277405
2017,9,1,0,0,corridor_9,1.0356781675730062,0.4194423610993938
2017,10,1,0,0,corridor_9,0.05090860538258762,2.031162801764318
2017,11,1,0,0,corridor_9,0.0,5.001107447431768
2017,12,1,0,0,corridor_9,0.0,7.351399094852481
2017,1,1,0,0,corridor_10,0.0,9.733830677796501
2017,2,1,0,0,corridor_10,0.0,7.129110834047032
2017,3,1,0,0,corridor_10,0.0025040760082747885,5.443711620131922
2017,4,1,0,0,corridor_10,0.10704713169453693,2.51628957708481
2017,5,1,0,0,corridor_10,0.2496245527696371,0.8325826675204302
2017,6,1,0,0,corridor_10,0.9951375906311285,0.2594719474837697
2017,7,1,0,0,corridor_10,2.258500013512275,0.006147719612400824
2017,8,1,0,0,corridor_10,1.5521134615117496,0.01632667479742419
2017,9,1,0,0,corridor_10,0.4241570827385468,0.2380681863946618
2017,10,1,0,0,corridor_10,0.007647555382947206,1.6345499647998627
2017,11,1,0,0,corridor_10,0.0,4.37163222919396
2017,12,1,0,0,corridor_10,0.0,6.7503321098165125
2017,1,1,0,0,corridor_11,0.0,28.567384636130683
2017,2,1,0,0,corridor_11,1.1571136310675473e-05,20.060301551618227
2017,3,1,0,0,corridor_11,0.11403174630595682,15.296604419377271
2017,4,1,0,0,corridor_11,0.9943601586685931,7.795097376878174
2017,5,1,0,0,corridor_11,1.9333384531810491,2.195834510998765
2017,6,1,0,0,corridor_11,5.637894542418359,0.9854688577279207
2017,7,1,0,0,corridor_11,13.165974591083318,0.010065960787661948
2017,8,1,0,0,corridor_11,9.482501370569826,0.019604792084803802
2017,9,1,0,0,corridor_11,3.2996818198713433,0.4130976668837892
2017,10,1,0,0,corridor_11,0.3229030866978714,4.79097130375876
2017,11,1,0,0,corridor_11,1.4999814563298894e-05,13.39914230773762
2017,12,1,0,0,corridor_11,2.3468616319869206e-06,20.470652325932434
2017,1,1,0,0,corridor_12,0.0,9.397587174382707
2017,2,1,0,0,corridor_12,0.0,6.740243365049603
2017,3,1,0,0,corridor_12,0.008029967426190596,5.07150826722263
2017,4,1,0,0,corridor_12,0.13052822420372825,2.449101430940504
2017,5,1,0,0,corridor_12,0.33941566761561304,0.8856207847481395
2017,6,1,0,0,corridor_12,1.2917755389111916,0.2741063684052745
2017,7,1,0,0,corridor_12,2.8801928863033885,0.007362818792651431
2017,8,1,0,0,corridor_12,2.031540847204861,0.016818965099603848
2017,9,1,0,0,corridor_12,0.6091175925637973,0.2940252958921333
2017,10,1,0,0,corridor_12,0.016952885067219432,1.6271610962162808
2017,11,1,0,0,corridor_12,0.0,4.133461455934478
2017,12,1,0,0,corridor_12,0.0,6.351326231142375
2017,1,1,0,0,corridor_13,0.0,9.096125826084593
2017,2,1,0,0,corridor_13,0.0,6.62161659146393
2017,3,1,0,0,corridor_13,0.003355255927170195,5.066153518978833
2017,4,1,0,0,corridor_13,0.10659634872637608,2.456222667626922
2017,5,1,0,0,corridor_13,0.24022920765231942,0.8665110284161173
2017,6,1,0,0,corridor_13,1.018908219044378,0.2694227885266581
2017,7,1,0,0,corridor_13,2.3396348367124977,0.007893095582895186
2017,8,1,0,0,corridor_13,1.6360621226282364,0.020576783803361563
2017,9,1,0,0,corridor_13,0.4743616398764324,0.2790746884430506
2017,10,1,0,0,corridor_13,0.009325492588615633,1.5657931991516567
2017,11,1,0,0,corridor_13,0.0,4.0080573834545055
2017,12,1,0,0,corridor_13,0.0,6.151432087710888
2017,1,1,0,0,corridor_14,6.020333249222484e-05,22.35249587044293
2017,2,1,0,0,corridor_14,4.197988518748878e-05,15.995524719541564
2017,3,1,0,0,corridor_14,0.3915203285091244,13.19123212698541
2017,4,1,0,0,corridor_14,0.7089439183144356,6.838406016279259
2017,5,1,0,0,corridor_14,2.036198446567407,2.262141892847537
2017,6,1,0,0,corridor_14,5.006610721209663,0.8241970258656713
2017,7,1,0,0,corridor_14,10.463327613450431,0.01283599074999329
2017,8,1,0,0,corridor_14,9.405315951171087,0.05074597994433703
2017,9,1,0,0,corridor_14,4.761588077281566,0.6531603435021343
2017,10,1,0,0,corridor_14,0.7132223576409713,4.054366380482498
2017,11,1,0,0,corridor_14,0.12297173534106863,10.336684393228033
2017,12,1,0,0,corridor_14,4.701617042138499e-05,15.71976078558819
2017,1,1,0,0,corridor_15,0.0,10.400489970231778
2017,2,1,0,0,corridor_15,0.0,7.576953245867761
2017,3,1,0,0,corridor_15,0.006901734984393461,6.038646173058225
2017,4,1,0,0,corridor_15,0.11671379649485497,3.123784795092695
2017,5,1,0,0,corridor_15,0.25307533097104024,1.1852958836684264
2017,6,1,0,0,corridor_15,1.0378669457112684,0.4643127924062722
2017,7,1,0,0,corridor_15,2.461299770138811,0.011988141679543074
2017,8,1,0,0,corridor_15,1.7284007298045194,0.03879158788957402
2017,9,1,0,0,corridor_15,0.4987055006227186,0.37387582605461567
2017,10,1,0,0,corridor_15,0.015188723992317656,2.033499582923432
2017,11,1,0,0,corridor_15,0.0,4.849807871003966
2017,12,1,0,0,corridor_15,0.0,7.2427492726416
2017,1,1,0,0,corridor_16,0.0,4.523716864642818
2017,2,1,0,0,corridor_16,0.0,3.005409834378203
2017,3,1,0,0,corridor_16,0.005916015270605603,1.9811686833793405
2017,4,1,0,0,corridor_16,0.1504177781336835,0.8825189642860024
2017,5,1,0,0,corridor_16,0.3032994315995321,0.21562983405070202
2017,6,1,0,0,corridor_16,1.1325743532915358,0.041620669076603715
2017,7,1,0,0,corridor_16,2.486221703618561,0.0
2017,8,1,0,0,corridor_16,1.863299553332332,0.0
2017,9,1,0,0,corridor_16,0.6063657769809531,0.04530830750781265
2017,10,1,0,0,corridor_16,0.01806906442733471,0.49099220746348204
2017,11,1,0,0,corridor_16,0.0,1.647631646070055
2017,12,1,0,0,corridor_16,0.0,2.7470714932145444
2017,1,1,0,0,storage_0,0.0,13.747023570960973
2017,2,1,0,0,storage_0,0.0,10.298033357502156
2017,3,1,0,0,storage_0,0.0,8.156805167028415
2017,4,1,0,0,storage_0,0.10129644063538279,4.209598768392644
2017,5,1,0,0,storage_0,0.10901571509351068,1.5249729600589201
2017,6,1,0,0,storage_0,0.6037969724783561,0.5378554072100629
2017,7,1,0,0,storage_0,1.457775027951467,0.013428124278727816
2017,8,1,0,0,storage_0,0.8208422587250888,0.04084802196784266
2017,9,1,0,0,storage_0,0.24229578416832973,0.4123941495887139
2017,10,1,0,0,storage_0,0.0,2.6532783759008325
2017,11,1,0,0,storage_0,0.0,6.222420783287261
2017,12,1,0,0,storage_0,0.0,9.418354126744791
2017,1,1,0,0,storage_1,0.0,22.3400125982288
2017,2,1,0,0,storage_1,1.3284293565353369e-05,15.405508574424156
2017,3,1,0,0,storage_1,0.0720279587166244,11.094941204973491
2017,4,1,0,0,storage_1,0.8661909971022878,5.0898836857837875
2017,5,1,0,0,storage_1,1.5943499903500213,1.4861143401307286
2017,6,1,0,0,storage_1,4.553216031188734,0.6663736715749506
2017,7,1,0,0,storage_1,10.461082693070566,0.0058212799890766664
2017,8,1,0,0,storage_1,7.885412339303819,0.0038659698374574115
2017,9,1,0,0,storage_1,2.8549376295611357,0.18175425117242658
2017,10,1,0,0,storage_1,0.20793839047167956,3.0333923578894297
2017,11,1,0,0,storage_1,1.218661002041598e-05,9.777100315010415
2017,12,1,0,0,storage_1,2.5187512581032926e-06,15.301481320447406
2017,1,1,0,0,storage_2,0.0,29.63525588816095
2017,2,1,0,0,storage_2,0.0,22.379553602658575
2017,3,1,0,0,storage_2,0.0018731577890295855,18.103521104907422
2017,4,1,0,0,storage_2,0.26738071337282965,9.711992425288397
2017,5,1,0,0,storage_2,0.47777563882515084,3.0540325733832816
2017,6,1,0,0,storage_2,2.3226896845575196,1.2998165697915327
2017,7,1,0,0,storage_2,5.644780840447709,0.024428802561410622
2017,8,1,0,0,storage_2,3.4331088403229746,0.07243395843813781
2017,9,1,0,0,storage_2,0.7720256434508117,1.0244284130279422
2017,10,1,0,0,storage_2,0.016129251461368992,6.708799051993906
2017,11,1,0,0,storage_2,0.0,14.819899801903567
2017,12,1,0,0,storage_2,0.0,21.809574346732372
2017,1,1,0,0,storage_3,0.0,13.680662804954363
2017,2,1,0,0,storage_3,0.0,10.217275778940934
2017,3,1,0,0,storage_3,0.0,8.040850852946285
2017,4,1,0,0,storage_3,0.10579573198362667,4.104232472999096
2017,5,1,0,0,storage_3,0.11893359189743642,1.4716976453263524
2017,6,1,0,0,storage_3,0.6310903433343346,0.5171805232809696
2017,7,1,0,0,storage_3,1.5156832647570158,0.012381282216361911
2017,8,1,0,0,storage_3,0.8673963615008411,0.03783319125629507
2017,9,1,0,0,storage_3,0.2600264173340702,0.3923325810674756
2017,10,1,0,0,storage_3,0.0,2.5804080421499687
2017,11,1,0,0,storage_3,0.0,6.147125242555683
2017,12,1,0,0,storage_3,0.0,9.34542173239308
2017,1,1,0,0,storage_4,0.0,16.884891357643887
2017,2,1,0,0,storage_4,0.0,12.862724807511963
2017,3,1,0,0,storage_4,0.0,10.523490521259454
2017,4,1,0,0,storage_4,0.09414988441030622,5.764195434249328
2017,5,1,0,0,storage_4,0.15411436341725468,2.2470648852120725
2017,6,1,0,0,storage_4,0.7749815182153258,0.9081970069310362
2017,7,1,0,0,storage_4,1.9025018764475166,0.025782995976215757
2017,8,1,0,0,storage_4,1.0105570197677807,0.08599017913591654
2017,9,1,0,0,storage_4,0.2458972750819169,0.6923418733682057
2017,10,1,0,0,storage_4,0.0,3.875719485541696
2017,11,1,0,0,storage_4,0.0,8.474225585698933
2017,12,1,0,0,storage_4,0.0,12.224555139112937
2017,1,1,0,0,storage_5,0.0,21.94024833168381
2017,2,1,0,0,storage_5,0.0,16.64323242713177
2017,3,1,0,0,storage_5,0.0010763922355349637,13.559254106252197
2017,4,1,0,0,storage_5,0.18317171783238825,7.332893720011341
2017,5,1,0,0,storage_5,0.2881423282304627,2.44262133224224
2017,6,1,0,0,storage_5,1.5727766216860066,0.983863853421477
2017,7,1,0,0,storage_5,3.826765277634694,0.025280785330452495
2017,8,1,0,0,storage_5,2.393281287822319,0.06913724577011235
2017,9,1,0,0,storage_5,0.5407582672810669,0.8318848143339818
2017,10,1,0,0,storage_5,0.0056278178990594695,4.9451243866072065
2017,11,1,0,0,storage_5,0.0,10.856794614925446
2017,12,1,0,0,storage_5,0.0,15.936048668610404
2017,1,1,0,0,storage_6,0.0,15.562432753504662
2017,2,1,0,0,storage_6,0.0,11.905980139677716
2017,3,1,0,0,storage_6,0.0,9.793894061348533
2017,4,1,0,0,storage_6,0.1045741342162107,5.445562404818618
2017,5,1,0,0,storage_6,0.11592325535430553,2.0344683904801846
2017,6,1,0,0,storage_6,0.7009064140762765,0.7791904754696551
2017,7,1,0,0,storage_6,1.7799674726539898,0.027271692804285846
2017,8,1,0,0,storage_6,1.0177905634752065,0.08020799284008898
2017,9,1,0,0,storage_6,0.28101899015708004,0.6308834692785146
2017,10,1,0,0,storage_6,0.0,3.4288095982301807
2017,11,1,0,0,storage_6,0.0,7.607169996816132
2017,12,1,0,0,storage_6,0.0,11.12419340138919
